,namespace,grade,Porcentagem de exercícios de AAs em relatórios de AD
0,aescobjetivo,em 1a serie,0.57
1,aescobjetivo,em 2a serie,0.16
2,sas,0,0.29
3,master,ef 9o ano,0.08
4,santoamerico,em 3a serie,0.07
5,master,ef 6o ano,0.07
6,master,ef 7o ano,0.07
7,santoamerico,em 1a serie,0.04
8,testevictorhugo,em 1a serie,1.0
9,equipe,0,1.0
10,physicsmacapa,ef 7o ano,0.17
11,master,ef 3o ano,0.0
12,qescola,ef 6o ano,0.23
13,objetivolorena,outro,0.0
14,objetivolorena,ef 9o ano,0.0
15,objetivolorena,em 1a serie,0.0
16,objetivolorena,em 2a serie,0.0
17,objetivolorena,ef 7o ano,0.0
18,objetivolorena,ef 6o ano,0.0
19,objetivolorena,ef 5o ano,0.0
20,objetivolorena,em 3a serie,0.0
21,objetivolorena,ef 4o ano,0.0
22,objetivolorena,0,0.0
23,objetivolorena,ef 8o ano,0.0
24,osequim,0,0.0
25,objetivoteresina,0,0.0
26,oficinadoestudante,outro,0.0
27,nucleocriativo,em 1a serie,0.0
28,overabelcabral,0,0.0
29,overabelcabral,ef 1o ano,0.0
30,overabelcabral,ef 2o ano,0.0
31,overabelcabral,ef 3o ano,0.0
32,overabelcabral,ef 4o ano,0.0
33,overabelcabral,ef 5o ano,0.0
34,overabelcabral,ef 6o ano,0.0
35,overabelcabral,ef 7o ano,0.0
36,overabelcabral,ef 8o ano,0.0
37,overabelcabral,ef 9o ano,0.0
38,overabelcabral,em 1a serie,0.0
39,overabelcabral,em 2a serie,0.0
40,nucleopva,0,0.0
41,nucleocriativo,ef 7o ano,0.0
42,nucleocriativo,ef 9o ano,0.0
43,meta,outro,0.0
44,montessori,em 1a serie,0.0
45,monsenhorgoncalo,outro,0.0
46,moaciralves,ef 9o ano,0.0
47,moaciralves,ef 8o ano,0.0
48,minhalista,outro,0.0
49,minhalista,0,0.0
50,meta,0,0.0
51,montessori,em 3a serie,0.0
52,master,outro,0.0
53,master,em 3a serie,0.0
54,master,em 2a serie,0.0
55,master,em 1a serie,0.0
56,master,ef 8o ano,0.0
57,master,ef 5o ano,0.0
58,montessori,em 2a serie,0.0
59,mundialfranciscobeltrao,ef 6o ano,0.0
60,nucleocriativo,ef 8o ano,0.0
61,nucleocriativo,ef 1o ano,0.0
62,overjoaopessoa,0,0.0
63,nucleocriativo,ef 6o ano,0.0
64,nucleocriativo,ef 5o ano,0.0
65,nucleocriativo,ef 4o ano,0.0
66,nucleocriativo,ef 3o ano,0.0
67,nucleocriativo,ef 2o ano,0.0
68,novotempo,em 3a serie,0.0
69,murilorocha,0,0.0
70,novotempo,em 2a serie,0.0
71,novotempo,em 1a serie,0.0
72,novotempo,ef 9o ano,0.0
73,novotempo,ef 7o ano,0.0
74,novotempo,0,0.0
75,navegasas,ef 5o ano,0.0
76,overabelcabral,em 3a serie,0.0
77,acessoalmirantetamandare,ef 2o ano,0.0
78,overjoaopessoa,ef 9o ano,0.0
79,overpontanegra,ef 3o ano,0.0
80,overzonanorte,ef 6o ano,0.0
81,overzonanorte,ef 5o ano,0.0
82,overzonanorte,ef 4o ano,0.0
83,overzonanorte,ef 3o ano,0.0
84,overzonanorte,ef 2o ano,0.0
85,overzonanorte,ef 1o ano,0.0
86,overzonanorte,0,0.0
87,overpontanegra,em 3a serie,0.0
88,overpontanegra,em 2a serie,0.0
89,overpontanegra,em 1a serie,0.0
90,overpontanegra,ef 9o ano,0.0
91,overpontanegra,ef 8o ano,0.0
92,overpontanegra,ef 7o ano,0.0
93,overpontanegra,ef 6o ano,0.0
94,overpontanegra,ef 5o ano,0.0
95,overzonanorte,ef 7o ano,0.0
96,overzonanorte,ef 8o ano,0.0
97,overzonanorte,ef 9o ano,0.0
98,physicsalcindocacela,ef 9o ano,0.0
99,physicsalmirantebarroso,ef 2o ano,0.0
100,physicsalmirantebarroso,0,0.0
101,physicsalcindocacela,outro,0.0
102,physicsalcindocacela,em 3a serie,0.0
103,physicsalcindocacela,em 2a serie,0.0
104,physicsalcindocacela,em 1a serie,0.0
105,physicsalcindocacela,0,0.0
106,overzonanorte,em 1a serie,0.0
107,pesenglish,0,0.0
108,pearson,em 3a serie,0.0
109,pauloviana,ef 9o ano,0.0
110,overzonanorte,outro,0.0
111,overzonanorte,em 3a serie,0.0
112,overzonanorte,em 2a serie,0.0
113,overpontanegra,ef 4o ano,0.0
114,overpontanegra,ef 2o ano,0.0
115,master,ef 4o ano,0.0
116,overpontanegra,ef 1o ano,0.0
117,overmarciliofurtado,em 1a serie,0.0
118,overmarciliofurtado,ef 9o ano,0.0
119,overmarciliofurtado,ef 8o ano,0.0
120,overmarciliofurtado,ef 7o ano,0.0
121,overmarciliofurtado,ef 6o ano,0.0
122,overmarciliofurtado,0,0.0
123,overlimaesilva,ef 5o ano,0.0
124,overlimaesilva,ef 4o ano,0.0
125,overlimaesilva,ef 3o ano,0.0
126,overlimaesilva,ef 2o ano,0.0
127,overlimaesilva,ef 1o ano,0.0
128,overlimaesilva,0,0.0
129,overjoaopessoa,outro,0.0
130,overjoaopessoa,em 3a serie,0.0
131,overjoaopessoa,em 2a serie,0.0
132,overmarciliofurtado,em 2a serie,0.0
133,overmarciliofurtado,em 3a serie,0.0
134,overmossoro,0,0.0
135,overmossoro,em 1a serie,0.0
136,overpontanegra,0,0.0
137,overnascimentodecastro,outro,0.0
138,overnascimentodecastro,0,0.0
139,overmossoro,outro,0.0
140,overmossoro,em 3a serie,0.0
141,overmossoro,em 2a serie,0.0
142,overmossoro,ef 9o ano,0.0
143,overmossoro,ef 1o ano,0.0
144,overmossoro,ef 8o ano,0.0
145,overmossoro,ef 7o ano,0.0
146,overmossoro,ef 6o ano,0.0
147,overmossoro,ef 5o ano,0.0
148,overmossoro,ef 4o ano,0.0
149,overmossoro,ef 2o ano,0.0
150,overjoaopessoa,em 1a serie,0.0
151,mariliamattoso,em 3a serie,0.0
152,master,ef 2o ano,0.0
153,forumcultural,0,0.0
154,idaam,em 3a serie,0.0
155,gerabixo,outro,0.0
156,garra,0,0.0
157,galois,0,0.0
158,fundacaobradesco,0,0.0
159,francobrasileiro,em 3a serie,0.0
160,fleming,0,0.0
161,implantacao,outro,0.0
162,faculdadeflamingo,outro,0.0
163,faculdadeflamingo,0,0.0
164,estantemagica,outro,0.0
165,esperanza,0,0.0
166,escprogressiva,em 1a serie,0.0
167,escolamaster,em 3a serie,0.0
168,implantacao,0,0.0
169,insa,em 1a serie,0.0
170,integra,ef 3o ano,0.0
171,institutocristao,em 2a serie,0.0
172,integra,ef 1o ano,0.0
173,institutosaojose,em 3a serie,0.0
174,institutosaojose,em 2a serie,0.0
175,institutosaojose,em 1a serie,0.0
176,institutoeurofarma,outro,0.0
177,institutocristao,em 3a serie,0.0
178,institutocristao,ef 9o ano,0.0
179,insa,em 2a serie,0.0
180,institutocristao,ef 7o ano,0.0
181,institutocristao,ef 6o ano,0.0
182,institutoauxiliadoradf,em 3a serie,0.0
183,institutoauxiliadoradf,em 2a serie,0.0
184,institutoauxiliadoradf,em 1a serie,0.0
185,insa,em 3a serie,0.0
186,escolamaster,em 2a serie,0.0
187,escolamaster,em 1a serie,0.0
188,escoladofuturo,0,0.0
189,educandarioterciocorreia,ef 8o ano,0.0
190,einsteinassis,ef 8o ano,0.0
191,einsteinassis,ef 7o ano,0.0
192,einsteinassis,ef 6o ano,0.0
193,eduqo,0,0.0
194,educarse,outro,0.0
195,educandarioterciocorreia,ef 9o ano,0.0
196,educandarioterciocorreia,ef 7o ano,0.0
197,escoladinamicaiturama,0,0.0
198,educandarioterciocorreia,ef 6o ano,0.0
199,educandarioterciocorreia,ef 5o ano,0.0
200,educandarioterciocorreia,ef 4o ano,0.0
201,educandarioterciocorreia,ef 3o ano,0.0
202,educamais,ef 6o ano,0.0
203,eccos,ef 9o ano,0.0
204,einsteinassis,ef 9o ano,0.0
205,einsteinassis,em 1a serie,0.0
206,einsteinassis,em 2a serie,0.0
207,einsteinassis,em 3a serie,0.0
208,elitecuritibaemilianoperneta,em 1a serie,0.0
209,elitecuritibaemilianoperneta,em 2a serie,0.0
210,elitecuritibaemilianoperneta,em 3a serie,0.0
211,elitecuritibaemilianoperneta,outro,0.0
212,eluneonline,0,0.0
213,eluneonline,em 1a serie,0.0
214,escola,ef 4o ano,0.0
215,escolaceciliameireles,ef 2o ano,0.0
216,escolaceciliameireles,ef 3o ano,0.0
217,escolaceciliameireles,ef 4o ano,0.0
218,escolaceciliameireles,ef 5o ano,0.0
219,escolaceciliameireles,ef 6o ano,0.0
220,escoladeimpacto,0,0.0
221,integra,ef 2o ano,0.0
222,integra,ef 4o ano,0.0
223,master,ef 1o ano,0.0
224,magister,ef 4o ano,0.0
225,maplebearslz,ef 4o ano,0.0
226,maplebearslz,ef 3o ano,0.0
227,maplebearslz,ef 2o ano,0.0
228,maplebearslz,0,0.0
229,magister,outro,0.0
230,magister,ef 5o ano,0.0
231,magister,ef 3o ano,0.0
232,maplebearslz,ef 6o ano,0.0
233,magister,0,0.0
234,macvest,outro,0.0
235,litteratus,em 3a serie,0.0
236,litteratus,ef 5o ano,0.0
237,liessinbarra,ef 8o ano,0.0
238,lasalleaguasclaras,em 3a serie,0.0
239,maplebearslz,ef 5o ano,0.0
240,maplebearslz,ef 7o ano,0.0
241,integra,ef 5o ano,0.0
242,mariliamattoso,ef 7o ano,0.0
243,master,0,0.0
244,physicsalmirantebarroso,ef 4o ano,0.0
245,mariliamattoso,em 2a serie,0.0
246,mariliamattoso,em 1a serie,0.0
247,mariliamattoso,ef 9o ano,0.0
248,mariliamattoso,ef 8o ano,0.0
249,mariliamattoso,ef 6o ano,0.0
250,maplebearslz,ef 8o ano,0.0
251,mariliamattoso,ef 5o ano,0.0
252,mariliamattoso,0,0.0
253,maplebearslz,outro,0.0
254,maplebearslz,em 2a serie,0.0
255,maplebearslz,em 1a serie,0.0
256,maplebearslz,ef 9o ano,0.0
257,lasalleaguasclaras,em 2a serie,0.0
258,lasalleaguasclaras,em 1a serie,0.0
259,joaobelem,ef 9o ano,0.0
260,integradaeducativa,ef 9o ano,0.0
261,invictus,ef 7o ano,0.0
262,invictus,ef 6o ano,0.0
263,invictus,0,0.0
264,integradaeducativa,em 3a serie,0.0
265,integradaeducativa,em 2a serie,0.0
266,integradaeducativa,em 1a serie,0.0
267,integradaeducativa,ef 8o ano,0.0
268,joaobelem,ef 6o ano,0.0
269,integradaeducativa,ef 7o ano,0.0
270,integradaeducativa,ef 6o ano,0.0
271,integradaeducativa,0,0.0
272,integra,ef 8o ano,0.0
273,integra,ef 7o ano,0.0
274,integra,ef 6o ano,0.0
275,invictus,ef 8o ano,0.0
276,invictus,ef 9o ano,0.0
277,invictus,em 1a serie,0.0
278,invictus,em 2a serie,0.0
279,invictus,em 3a serie,0.0
280,invictus,outro,0.0
281,iracemarufino,infantil iii,0.0
282,isem,ef 3o ano,0.0
283,isem,ef 4o ano,0.0
284,isem,ef 5o ano,0.0
285,isem,ef 6o ano,0.0
286,isem,ef 7o ano,0.0
287,isem,ef 8o ano,0.0
288,isem,ef 9o ano,0.0
289,ismart,0,0.0
290,itamarati,ef 8o ano,0.0
291,jazzvestibular,outro,0.0
292,physicsalmirantebarroso,ef 3o ano,0.0
293,physicsalmirantebarroso,ef 9o ano,0.0
294,physicsalmirantebarroso,ef 5o ano,0.0
295,santoamerico,ef 6o ano,0.0
296,santoantonio,0,0.0
297,santoamerico,outro,0.0
298,santoamerico,em 2a serie,0.0
299,santoamerico,ef 9o ano,0.0
300,santoamerico,ef 8o ano,0.0
301,santoamerico,ef 7o ano,0.0
302,santoamerico,0,0.0
303,sas,em 1a serie,0.0
304,santamariacn,em 3a serie,0.0
305,santamariacn,em 2a serie,0.0
306,santamariacn,0,0.0
307,santadoroteia,em 3a serie,0.0
308,santadoroteia,em 2a serie,0.0
309,santadoroteia,em 1a serie,0.0
310,santoantonio,em 3a serie,0.0
311,sasadapt,ef 1o ano,0.0
312,sagradafamilia,em 2a serie,0.0
313,souhabilis,outro,0.0
314,spdacruz,em 1a serie,0.0
315,spdacruz,ef 9o ano,0.0
316,spdacruz,ef 8o ano,0.0
317,spdacruz,ef 7o ano,0.0
318,spdacruz,ef 6o ano,0.0
319,spdacruz,0,0.0
320,souhabilis,em 3a serie,0.0
321,seletivoeducallis,0,0.0
322,sobral,outro,0.0
323,simuladoita,outro,0.0
324,simbios,outro,0.0
325,seletivoeducallis,em 2a serie,0.0
326,seletivoeducallis,em 1a serie,0.0
327,seletivoeducallis,ef 5o ano,0.0
328,sagradafamilia,em 3a serie,0.0
329,sagradafamilia,em 1a serie,0.0
330,progressaoig,em 2a serie,0.0
331,provaspoliedro,em 1a serie,0.0
332,psantagema,ef 6o ano,0.0
333,psantagema,ef 2o ano,0.0
334,psantagema,0,0.0
335,provaspoliedro,outro,0.0
336,provaspoliedro,em 3a serie,0.0
337,provaspoliedro,em 2a serie,0.0
338,provaspoliedro,ef 9o ano,0.0
339,psantagema,ef 8o ano,0.0
340,provaspoliedro,ef 8o ano,0.0
341,provaspoliedro,ef 7o ano,0.0
342,provaspoliedro,ef 6o ano,0.0
343,provaspoliedro,ef 1o ano,0.0
344,provaspoliedro,0,0.0
345,progressaoig,outro,0.0
346,psantagema,ef 7o ano,0.0
347,psantagema,ef 9o ano,0.0
348,saea,0,0.0
349,qescola,em 1a serie,0.0
350,saberviver,ef 5o ano,0.0
351,saberviver,ef 4o ano,0.0
352,rede,ef 9o ano,0.0
353,qescola.qmagico.com.br,0,0.0
354,qescola,outro,0.0
355,qescola,em 3a serie,0.0
356,qescola,ef 7o ano,0.0
357,psantagema,em 1a serie,0.0
358,qescola,ef 5o ano,0.0
359,qescola,ef 1o ano,0.0
360,qescola,0,0.0
361,psantagema,outro,0.0
362,psantagema,em 3a serie,0.0
363,psantagema,em 2a serie,0.0
364,spdacruz,em 2a serie,0.0
365,spdacruz,em 3a serie,0.0
366,stellamarisaguaverde,ef 2o ano,0.0
367,universitariolondrina,outro,0.0
368,universobarcarena,ef 6o ano,0.0
369,universobarcarena,ef 5o ano,0.0
370,universobarcarena,ef 4o ano,0.0
371,universobarcarena,ef 3o ano,0.0
372,universobarcarena,ef 2o ano,0.0
373,universobarcarena,ef 1o ano,0.0
374,universitariolondrina,em 3a serie,0.0
375,universobarcarena,ef 8o ano,0.0
376,universitariolondrina,em 2a serie,0.0
377,universitariolondrina,em 1a serie,0.0
378,universitariolondrina,ef 9o ano,0.0
379,universitariolondrina,ef 8o ano,0.0
380,universitariolondrina,ef 7o ano,0.0
381,universitariolondrina,ef 6o ano,0.0
382,universobarcarena,ef 7o ano,0.0
383,universobarcarena,ef 9o ano,0.0
384,stellamarisaguaverde,ef 3o ano,0.0
385,villalobos,ef 8o ano,0.0
386,vitae,ef 2o ano,0.0
387,villalobos,outro,0.0
388,villalobos,em 3a serie,0.0
389,villalobos,em 2a serie,0.0
390,villalobos,em 1a serie,0.0
391,villalobos,ef 9o ano,0.0
392,villalobos,ef 7o ano,0.0
393,universobarcarena,em 1a serie,0.0
394,villalobos,ef 6o ano,0.0
395,villalobos,ef 5o ano,0.0
396,villalobos,ef 4o ano,0.0
397,universos,ef 9o ano,0.0
398,universobarcarena,em 3a serie,0.0
399,universobarcarena,em 2a serie,0.0
400,universitariolondrina,ef 5o ano,0.0
401,universitariolondrina,ef 4o ano,0.0
402,universitariolondrina,ef 3o ano,0.0
403,stellamarisjuveve,ef 5o ano,0.0
404,stellamarisjuveve,em 2a serie,0.0
405,stellamarisjuveve,em 1a serie,0.0
406,stellamarisjuveve,ef 9o ano,0.0
407,stellamarisjuveve,ef 8o ano,0.0
408,stellamarisjuveve,ef 7o ano,0.0
409,stellamarisjuveve,ef 6o ano,0.0
410,stellamarisjuveve,ef 4o ano,0.0
411,universitariolondrina,ef 2o ano,0.0
412,stellamarisjuveve,ef 3o ano,0.0
413,stellamarisjuveve,ef 2o ano,0.0
414,stellamarisaguaverde,ef 7o ano,0.0
415,stellamarisaguaverde,ef 6o ano,0.0
416,stellamarisaguaverde,ef 5o ano,0.0
417,stellamarisaguaverde,ef 4o ano,0.0
418,stellamarisjuveve,em 3a serie,0.0
419,stellamarisjuveve,outro,0.0
420,stellamarisxaxim,ef 2o ano,0.0
421,stellamarisxaxim,ef 3o ano,0.0
422,stellamarisxaxim,ef 4o ano,0.0
423,stellamarisxaxim,ef 5o ano,0.0
424,stellamarisxaxim,ef 6o ano,0.0
425,stellamarisxaxim,ef 7o ano,0.0
426,stellamarisxaxim,ef 8o ano,0.0
427,stellamarisxaxim,ef 9o ano,0.0
428,stellamarisxaxim,em 1a serie,0.0
429,stellamarisxaxim,em 2a serie,0.0
430,stellamarisxaxim,em 3a serie,0.0
431,studos,em 1a serie,0.0
432,testevictorhugo,0,0.0
433,testevictorhugo,ef 7o ano,0.0
434,universitariolondrina,0,0.0
435,progressaoig,em 3a serie,0.0
436,progressaoig,em 1a serie,0.0
437,physicsalmirantebarroso,ef 6o ano,0.0
438,physicsmacapa,ef 8o ano,0.0
439,physicsumarizal,0,0.0
440,physicsmacapa,outro,0.0
441,physicsmacapa,em 3a serie,0.0
442,physicsmacapa,em 2a serie,0.0
443,physicsmacapa,em 1a serie,0.0
444,physicsmacapa,ef 9o ano,0.0
445,physicsconselheirofurtado,em 3a serie,0.0
446,physicsumarizal,ef 3o ano,0.0
447,physicsconselheirofurtado,em 2a serie,0.0
448,physicsconselheirofurtado,em 1a serie,0.0
449,physicsconselheirofurtado,0,0.0
450,physicscidadenova,outro,0.0
451,physicscidadenova,em 3a serie,0.0
452,physicscidadenova,em 2a serie,0.0
453,physicsumarizal,ef 2o ano,0.0
454,physicsumarizal,ef 4o ano,0.0
455,physicscidadenova,ef 9o ano,0.0
456,pioxi,0,0.0
457,pioxi,ef 6o ano,0.0
458,pioxi,ef 5o ano,0.0
459,pioxi,ef 4o ano,0.0
460,pioxi,ef 3o ano,0.0
461,pioxi,ef 2o ano,0.0
462,pioxi,ef 1o ano,0.0
463,physicsumarizal,em 3a serie,0.0
464,physicsumarizal,ef 5o ano,0.0
465,physicsumarizal,em 2a serie,0.0
466,physicsumarizal,em 1a serie,0.0
467,physicsumarizal,ef 9o ano,0.0
468,physicsumarizal,ef 8o ano,0.0
469,physicsumarizal,ef 7o ano,0.0
470,physicsumarizal,ef 6o ano,0.0
471,physicscidadenova,em 1a serie,0.0
472,physicscidadenova,ef 8o ano,0.0
473,progressaoig,ef 9o ano,0.0
474,physicsaugustomontenegro,ef 3o ano,0.0
475,physicsaugustomontenegro,ef 9o ano,0.0
476,physicsaugustomontenegro,ef 8o ano,0.0
477,physicsaugustomontenegro,ef 7o ano,0.0
478,physicsaugustomontenegro,ef 6o ano,0.0
479,physicsaugustomontenegro,ef 5o ano,0.0
480,physicsaugustomontenegro,ef 4o ano,0.0
481,physicsaugustomontenegro,ef 2o ano,0.0
482,physicsaugustomontenegro,em 2a serie,0.0
483,physicsalmirantebarroso,em 3a serie,0.0
484,physicsalmirantebarroso,em 2a serie,0.0
485,physicsalmirantebarroso,em 1a serie,0.0
486,eccos,ef 7o ano,0.0
487,physicsalmirantebarroso,ef 8o ano,0.0
488,physicsalmirantebarroso,ef 7o ano,0.0
489,physicsaugustomontenegro,em 1a serie,0.0
490,physicsaugustomontenegro,em 3a serie,0.0
491,physicscidadenova,ef 7o ano,0.0
492,physicsbatistacampos,ef 8o ano,0.0
493,physicscidadenova,ef 6o ano,0.0
494,physicscidadenova,ef 5o ano,0.0
495,physicscidadenova,ef 4o ano,0.0
496,physicscidadenova,ef 3o ano,0.0
497,physicscidadenova,ef 2o ano,0.0
498,physicsbatistacampos,ef 9o ano,0.0
499,physicsbatistacampos,ef 7o ano,0.0
500,physicsaugustomontenegro,outro,0.0
501,physicsbatistacampos,ef 6o ano,0.0
502,physicsbatistacampos,ef 5o ano,0.0
503,physicsbatistacampos,ef 4o ano,0.0
504,physicsbatistacampos,ef 3o ano,0.0
505,physicsbatistacampos,ef 2o ano,0.0
506,physicsbatistacampos,0,0.0
507,pioxi,ef 7o ano,0.0
508,pioxi,ef 8o ano,0.0
509,pioxi,ef 9o ano,0.0
510,portoseguro,ef 4o ano,0.0
511,prismapatrocinio,ef 4o ano,0.0
512,prismapatrocinio,ef 2o ano,0.0
513,primeirodemaio,0,0.0
514,prevest,outro,0.0
515,prevest,0,0.0
516,positivoon,em 3a serie,0.0
517,portoseguro,0,0.0
518,prismapatrocinio,ef 6o ano,0.0
519,porto,em 3a serie,0.0
520,porto,em 2a serie,0.0
521,porto,em 1a serie,0.0
522,porto,ef 9o ano,0.0
523,porto,ef 8o ano,0.0
524,porto,ef 7o ano,0.0
525,prismapatrocinio,ef 5o ano,0.0
526,prismapatrocinio,ef 7o ano,0.0
527,pioxi,em 1a serie,0.0
528,progressaodc,0,0.0
529,progressaoig,ef 7o ano,0.0
530,progressaoig,ef 6o ano,0.0
531,progressaoig,0,0.0
532,progressaodc,em 3a serie,0.0
533,progressaodc,em 2a serie,0.0
534,progressaodc,em 1a serie,0.0
535,profederal,outro,0.0
536,prismapatrocinio,ef 8o ano,0.0
537,profederal,0,0.0
538,prismapatrocinio,outro,0.0
539,prismapatrocinio,em 3a serie,0.0
540,prismapatrocinio,em 2a serie,0.0
541,prismapatrocinio,em 1a serie,0.0
542,prismapatrocinio,ef 9o ano,0.0
543,porto,ef 6o ano,0.0
544,porto,0,0.0
545,portinari,em 3a serie,0.0
546,pioxiicolegio,em 1a serie,0.0
547,plannetataboao,ef 1o ano,0.0
548,plannetaosasco,ef 3o ano,0.0
549,plannetaosasco,ef 2o ano,0.0
550,pioxiicolegio,outro,0.0
551,pioxiicolegio,em 3a serie,0.0
552,pioxiicolegio,em 2a serie,0.0
553,pioxiicolegio,ef 9o ano,0.0
554,portinari,em 2a serie,0.0
555,pioxiicolegio,ef 8o ano,0.0
556,pioxiicolegio,ef 7o ano,0.0
557,pioxiicolegio,ef 6o ano,0.0
558,pioxi,outro,0.0
559,pioxi,em 3a serie,0.0
560,pioxi,em 2a serie,0.0
561,plannetataboao,ef 2o ano,0.0
562,plannetataboao,ef 3o ano,0.0
563,plannetataboao,ef 4o ano,0.0
564,plannetataboao,ef 5o ano,0.0
565,poliedro,0,0.0
566,poliedropv,0,0.0
567,poliedrotreinamento,0,0.0
568,portinari,0,0.0
569,portinari,ef 2o ano,0.0
570,portinari,ef 3o ano,0.0
571,portinari,ef 4o ano,0.0
572,portinari,ef 5o ano,0.0
573,portinari,ef 6o ano,0.0
574,portinari,ef 7o ano,0.0
575,portinari,ef 8o ano,0.0
576,portinari,ef 9o ano,0.0
577,portinari,em 1a serie,0.0
578,eccos,ef 8o ano,0.0
579,eccos,ef 6o ano,0.0
580,acessoalmirantetamandare,ef 3o ano,0.0
581,eccos,ef 5o ano,0.0
582,cmdpii,em 2a serie,0.0
583,ciadosaber,ef 9o ano,0.0
584,ciadosaber,ef 8o ano,0.0
585,ciadosaber,ef 7o ano,0.0
586,ciadosaber,ef 6o ano,0.0
587,ciadosaber,ef 5o ano,0.0
588,ciadosaber,ef 4o ano,0.0
589,ciadosaber,ef 3o ano,0.0
590,ciadosaber,ef 2o ano,0.0
591,charlesdarwin,0,0.0
592,ceprimeiromundo,outro,0.0
593,ceprimeiromundo,em 3a serie,0.0
594,ceprimeiromundo,em 2a serie,0.0
595,ceprimeiromundo,em 1a serie,0.0
596,ceprimeiromundo,ef 9o ano,0.0
597,cnslpb,ef 6o ano,0.0
598,cnslpb,ef 7o ano,0.0
599,cnslpb,ef 8o ano,0.0
600,colegioalphaunis,ef 8o ano,0.0
601,colegioanchietai,em 2a serie,0.0
602,colegioanchietai,em 1a serie,0.0
603,colegioalphaunis,em 3a serie,0.0
604,colegioalphaunis,em 2a serie,0.0
605,colegioalphaunis,em 1a serie,0.0
606,colegioalphaunis,ef 9o ano,0.0
607,colegioalphaunis,ef 7o ano,0.0
608,cnslpb,ef 9o ano,0.0
609,colegioalphaunis,ef 6o ano,0.0
610,colegioalphaunis,0,0.0
611,cognitivo,0,0.0
612,cnslpb,em 3a serie,0.0
613,cnslpb,em 2a serie,0.0
614,cnslpb,em 1a serie,0.0
615,ceprimeiromundo,ef 8o ano,0.0
616,ceprimeiromundo,ef 7o ano,0.0
617,ceprimeiromundo,ef 6o ano,0.0
618,ceespacolivre,0,0.0
619,ceespacolivre,em 1a serie,0.0
620,ceespacolivre,ef 9o ano,0.0
621,ceespacolivre,ef 8o ano,0.0
622,ceespacolivre,ef 7o ano,0.0
623,ceespacolivre,ef 6o ano,0.0
624,ceespacolivre,ef 5o ano,0.0
625,cecbdf,em 3a serie,0.0
626,cem,0,0.0
627,cecbdf,em 2a serie,0.0
628,cecbdf,em 1a serie,0.0
629,ceabb,ef 9o ano,0.0
630,ceabb,ef 8o ano,0.0
631,ceabb,ef 7o ano,0.0
632,ceabb,ef 6o ano,0.0
633,ceespacolivre,em 2a serie,0.0
634,cem,ef 2o ano,0.0
635,ceprimeiromundo,ef 5o ano,0.0
636,cem,em 2a serie,0.0
637,ceprimeiromundo,ef 4o ano,0.0
638,ceprimeiromundo,ef 3o ano,0.0
639,ceprimeiromundo,ef 2o ano,0.0
640,ceprimeiromundo,ef 1o ano,0.0
641,ceprimeiromundo,0,0.0
642,cem,em 3a serie,0.0
643,cem,em 1a serie,0.0
644,cem,ef 3o ano,0.0
645,cem,ef 9o ano,0.0
646,cem,ef 8o ano,0.0
647,cem,ef 7o ano,0.0
648,cem,ef 6o ano,0.0
649,cem,ef 5o ano,0.0
650,cem,ef 4o ano,0.0
651,colegioanchietai,em 3a serie,0.0
652,colegioanchietaii,em 1a serie,0.0
653,colegioanchietaii,em 2a serie,0.0
654,colegiobrasilia,em 1a serie,0.0
655,colegiocb,ef 4o ano,0.0
656,colegiocb,ef 3o ano,0.0
657,colegiocb,0,0.0
658,colegiobrasilia,outro,0.0
659,colegiobrasilia,em 3a serie,0.0
660,colegiobrasilia,em 2a serie,0.0
661,colegiobrasilia,ef 9o ano,0.0
662,colegiocb,ef 6o ano,0.0
663,colegiobrasilia,ef 8o ano,0.0
664,colegiobrasilia,ef 7o ano,0.0
665,colegiobrasilia,ef 6o ano,0.0
666,colegiobrasilia,ef 5o ano,0.0
667,colegiobrasilia,ef 4o ano,0.0
668,colegiobrasilia,ef 3o ano,0.0
669,colegiocb,ef 5o ano,0.0
670,colegiocb,ef 7o ano,0.0
671,colegiobrasilia,0,0.0
672,colegiodasamericas,ef 7o ano,0.0
673,colegiodasamericas,outro,0.0
674,colegiodasamericas,em 3a serie,0.0
675,colegiodasamericas,em 2a serie,0.0
676,colegiodasamericas,em 1a serie,0.0
677,colegiodasamericas,ef 9o ano,0.0
678,colegiodasamericas,ef 8o ano,0.0
679,colegiodasamericas,ef 6o ano,0.0
680,colegiocb,ef 8o ano,0.0
681,colegiodasamericas,0,0.0
682,colegiocognos,0,0.0
683,colegiocb,em 3a serie,0.0
684,colegiocb,em 2a serie,0.0
685,colegiocb,em 1a serie,0.0
686,colegiocb,ef 9o ano,0.0
687,colegiobrasilia,ef 2o ano,0.0
688,colegiobilac,ef 9o ano,0.0
689,colegioanchietaii,em 3a serie,0.0
690,colegiobatistaindependente,ef 6o ano,0.0
691,colegiobatistaindependente,em 3a serie,0.0
692,colegiobatistaindependente,em 2a serie,0.0
693,colegiobatistaindependente,em 1a serie,0.0
694,colegiobatistaindependente,ef 9o ano,0.0
695,colegiobatistaindependente,ef 8o ano,0.0
696,colegiobatistaindependente,ef 7o ano,0.0
697,colegiobatistaindependente,ef 5o ano,0.0
698,colegiobetelbrasileirosp,ef 6o ano,0.0
699,colegiobatistaindependente,0,0.0
700,colegioarena,outro,0.0
701,colegioarena,em 3a serie,0.0
702,colegioarena,em 2a serie,0.0
703,colegioarena,em 1a serie,0.0
704,colegioarena,0,0.0
705,colegiobatistaindependente,outro,0.0
706,colegiobetelbrasileirosp,ef 7o ano,0.0
707,colegiobilac,ef 8o ano,0.0
708,colegiobilac,ef 1o ano,0.0
709,colegiobilac,ef 7o ano,0.0
710,colegiobilac,ef 6o ano,0.0
711,colegiobilac,ef 5o ano,0.0
712,colegiobilac,ef 4o ano,0.0
713,colegiobilac,ef 3o ano,0.0
714,colegiobilac,ef 2o ano,0.0
715,colegiobianguloiv,em 3a serie,0.0
716,colegiobetelbrasileirosp,ef 8o ano,0.0
717,colegiobianguloiv,em 2a serie,0.0
718,colegiobianguloiv,em 1a serie,0.0
719,colegiobetelbrasileirosp,em 3a serie,0.0
720,colegiobetelbrasileirosp,em 2a serie,0.0
721,colegiobetelbrasileirosp,em 1a serie,0.0
722,colegiobetelbrasileirosp,ef 9o ano,0.0
723,ceabb,ef 5o ano,0.0
724,ceabb,ef 4o ano,0.0
725,ceabb,ef 3o ano,0.0
726,acessohauer,ef 3o ano,0.0
727,acessopinhais,em 2a serie,0.0
728,acessopinhais,em 1a serie,0.0
729,acessohauer,ef 7o ano,0.0
730,acessohauer,ef 6o ano,0.0
731,acessohauer,ef 5o ano,0.0
732,acessohauer,ef 4o ano,0.0
733,acessohauer,ef 2o ano,0.0
734,acessopinhais,outro,0.0
735,acessohauer,0,0.0
736,acessofazendariogrande,outro,0.0
737,acessofazendariogrande,em 3a serie,0.0
738,acessofazendariogrande,em 2a serie,0.0
739,acessofazendariogrande,em 1a serie,0.0
740,acessofazendariogrande,ef 9o ano,0.0
741,acessopinhais,em 3a serie,0.0
742,acessosantafelicidade,ef 2o ano,0.0
743,acessofazendariogrande,ef 7o ano,0.0
744,acessosantafelicidade,em 2a serie,0.0
745,acessosjpinhais,ef 4o ano,0.0
746,acessosjpinhais,ef 3o ano,0.0
747,acessosjpinhais,ef 2o ano,0.0
748,acessosjpinhais,0,0.0
749,acessosantafelicidade,outro,0.0
750,acessosantafelicidade,em 3a serie,0.0
751,acessosantafelicidade,em 1a serie,0.0
752,acessosantafelicidade,ef 3o ano,0.0
753,acessosantafelicidade,ef 9o ano,0.0
754,acessosantafelicidade,ef 8o ano,0.0
755,acessosantafelicidade,ef 7o ano,0.0
756,acessosantafelicidade,ef 6o ano,0.0
757,acessosantafelicidade,ef 5o ano,0.0
758,acessosantafelicidade,ef 4o ano,0.0
759,acessofazendariogrande,ef 8o ano,0.0
760,acessofazendariogrande,ef 6o ano,0.0
761,acessosjpinhais,ef 6o ano,0.0
762,acessoalmirantetamandare,em 2a serie,0.0
763,acessoboqueirao,em 1a serie,0.0
764,acessoboqueirao,ef 9o ano,0.0
765,acessoboqueirao,ef 8o ano,0.0
766,acessoboqueirao,0,0.0
767,acessoalmirantetamandare,outro,0.0
768,acessoalmirantetamandare,em 3a serie,0.0
769,acessoalmirantetamandare,em 1a serie,0.0
770,acessoboqueirao,em 3a serie,0.0
771,acessoalmirantetamandare,ef 9o ano,0.0
772,acessoalmirantetamandare,ef 8o ano,0.0
773,acessoalmirantetamandare,ef 7o ano,0.0
774,acessoalmirantetamandare,ef 6o ano,0.0
775,acessoalmirantetamandare,ef 5o ano,0.0
776,acessoalmirantetamandare,ef 4o ano,0.0
777,acessoboqueirao,em 2a serie,0.0
778,acessoboqueirao,outro,0.0
779,acessofazendariogrande,ef 5o ano,0.0
780,acessocampolargokids,ef 2o ano,0.0
781,acessofazendariogrande,ef 4o ano,0.0
782,acessofazendariogrande,ef 3o ano,0.0
783,acessofazendariogrande,ef 2o ano,0.0
784,acessocampolargokids,ef 5o ano,0.0
785,acessocampolargokids,ef 4o ano,0.0
786,acessocampolargokids,ef 3o ano,0.0
787,acessocampolargo,outro,0.0
788,acessocampolargo,ef 6o ano,0.0
789,acessocampolargo,em 3a serie,0.0
790,acessocampolargo,em 2a serie,0.0
791,acessocampolargo,em 1a serie,0.0
792,acessocampolargo,ef 9o ano,0.0
793,acessocampolargo,ef 8o ano,0.0
794,acessocampolargo,ef 7o ano,0.0
795,acessosjpinhais,ef 5o ano,0.0
796,acessosjpinhais,ef 7o ano,0.0
797,cbpdigital,ef 9o ano,0.0
798,arena,0,0.0
799,brasilcursinhos,outro,0.0
800,brasilcursinhos,0,0.0
801,bertelsmann,0,0.0
802,beityaacov,em 3a serie,0.0
803,beityaacov,0,0.0
804,arlindocavalcanti,0,0.0
805,aprovest,outro,0.0
806,camerinocursos,0,0.0
807,apogeustoantonio2,outro,0.0
808,apogeustoantonio2,ef 9o ano,0.0
809,apogeustoantonio2,0,0.0
810,anchietaba,0,0.0
811,amaisteste,em 3a serie,0.0
812,amaisteste,em 1a serie,0.0
813,calculo2,0,0.0
814,camerinocursos,outro,0.0
815,amaisteste,ef 6o ano,0.0
816,cbpdigital,ef 2o ano,0.0
817,cbpdigital,ef 8o ano,0.0
818,cbpdigital,ef 7o ano,0.0
819,cbpdigital,ef 6o ano,0.0
820,cbpdigital,ef 5o ano,0.0
821,cbpdigital,ef 4o ano,0.0
822,cbpdigital,ef 3o ano,0.0
823,cbpdigital,0,0.0
824,casdinhosjc,0,0.0
825,cats,outro,0.0
826,castelobruxo,0,0.0
827,casdvest,outro,0.0
828,casdvest,0,0.0
829,casdinhosjc,ef 9o ano,0.0
830,casdinhosjc,ef 8o ano,0.0
831,amaisteste,ef 9o ano,0.0
832,amais,outro,0.0
833,acessosjpinhais,ef 8o ano,0.0
834,aescobjetivo,0,0.0
835,aescobjetivo,ef 6o ano,0.0
836,aescobjetivo,ef 5o ano,0.0
837,aescobjetivo,ef 4o ano,0.0
838,aescobjetivo,ef 3o ano,0.0
839,aescobjetivo,ef 2o ano,0.0
840,aescobjetivo,ef 1o ano,0.0
841,adrianochan,outro,0.0
842,aescobjetivo,ef 8o ano,0.0
843,adrianochan,0,0.0
844,acessosjpinhais,outro,0.0
845,acessosjpinhais,em 3a serie,0.0
846,acessosjpinhais,em 2a serie,0.0
847,acessosjpinhais,em 1a serie,0.0
848,acessosjpinhais,ef 9o ano,0.0
849,aescobjetivo,ef 7o ano,0.0
850,aescobjetivo,ef 9o ano,0.0
851,amais,em 3a serie,0.0
852,amadeus,ef 7o ano,0.0
853,amais,0,0.0
854,amadeus,em 3a serie,0.0
855,amadeus,em 2a serie,0.0
856,amadeus,em 1a serie,0.0
857,amadeus,ef 9o ano,0.0
858,amadeus,ef 8o ano,0.0
859,amadeus,ef 6o ano,0.0
860,aescobjetivo,em 3a serie,0.0
861,amadeus,ef 5o ano,0.0
862,amadeus,ef 4o ano,0.0
863,amadeus,ef 3o ano,0.0
864,amadeus,ef 2o ano,0.0
865,amadeus,0,0.0
866,alfacembilingue,0,0.0
867,colegiodompedrosegundo,0,0.0
868,colegioeag,ef 1o ano,0.0
869,colegioeag,ef 3o ano,0.0
870,colegiouirapuru,em 3a serie,0.0
871,colegiouniverso,em 1a serie,0.0
872,colegiouniverso,ef 9o ano,0.0
873,colegiouniverso,ef 8o ano,0.0
874,colegiouniverso,ef 7o ano,0.0
875,colegiouniverso,ef 6o ano,0.0
876,colegiouniverso,0,0.0
877,colegiouirapuru,em 2a serie,0.0
878,colegiouniverso,em 3a serie,0.0
879,colegiouirapuru,em 1a serie,0.0
880,colegiouirapuru,ef 9o ano,0.0
881,colegiouirapuru,ef 8o ano,0.0
882,colegiouirapuru,ef 7o ano,0.0
883,colegiouirapuru,ef 6o ano,0.0
884,colegiouirapuru,ef 5o ano,0.0
885,colegiouniverso,em 2a serie,0.0
886,colegioup,0,0.0
887,colegiouirapuru,ef 3o ano,0.0
888,colsantacatarinape,em 2a serie,0.0
889,conexaosaber,ef 4o ano,0.0
890,conexaosaber,ef 3o ano,0.0
891,conexaosaber,ef 2o ano,0.0
892,conexaosaber,ef 1o ano,0.0
893,conexaosaber,0,0.0
894,colsantacatarinape,em 3a serie,0.0
895,colsantacatarinape,em 1a serie,0.0
896,colegioup,ef 6o ano,0.0
897,colegioup,em 3a serie,0.0
898,colegioup,em 2a serie,0.0
899,colegioup,em 1a serie,0.0
900,colegioup,ef 9o ano,0.0
901,colegioup,ef 8o ano,0.0
902,colegioup,ef 7o ano,0.0
903,colegiouirapuru,ef 4o ano,0.0
904,colegioshalomoficial,0,0.0
905,conexaosaber,ef 6o ano,0.0
906,colegiopremium,ef 6o ano,0.0
907,colegiopremium,em 3a serie,0.0
908,colegiopremium,em 2a serie,0.0
909,colegiopremium,em 1a serie,0.0
910,colegiopremium,ef 9o ano,0.0
911,colegiopremium,ef 8o ano,0.0
912,colegiopremium,ef 7o ano,0.0
913,colegiopremium,ef 5o ano,0.0
914,colegioradar,0,0.0
915,colegiopremium,ef 4o ano,0.0
916,colegiopremium,ef 3o ano,0.0
917,colegiopremium,ef 2o ano,0.0
918,colegiopremium,ef 1o ano,0.0
919,colegioplanck,outro,0.0
920,colegioplanck,em 3a serie,0.0
921,colegioprogresso,0,0.0
922,colegioriobranco,0,0.0
923,colegiosete,em 3a serie,0.0
924,colegiosete,ef 5o ano,0.0
925,colegiosete,em 2a serie,0.0
926,colegiosete,em 1a serie,0.0
927,colegiosete,ef 9o ano,0.0
928,colegiosete,ef 8o ano,0.0
929,colegiosete,ef 7o ano,0.0
930,colegiosete,ef 6o ano,0.0
931,colegiosete,ef 4o ano,0.0
932,colegiosantamaria,0,0.0
933,colegiosete,ef 3o ano,0.0
934,colegiosete,ef 2o ano,0.0
935,colegiosete,ef 1o ano,0.0
936,colegiosete,0,0.0
937,colegioser,outro,0.0
938,colegioser,0,0.0
939,conexaosaber,ef 5o ano,0.0
940,conexaosaber,ef 7o ano,0.0
941,colegioplanck,em 1a serie,0.0
942,cursoenfase,outro,0.0
943,cursosazambuja,0,0.0
944,cursoprogressao,0,0.0
945,cursoleopoldo,outro,0.0
946,cursoleopoldo,em 3a serie,0.0
947,cursoisfera,outro,0.0
948,cursoisfera,0,0.0
949,cursobase,0,0.0
950,dante,em 3a serie,0.0
951,cursinhoeach,0,0.0
952,crescercampinas,em 3a serie,0.0
953,crescercampinas,em 2a serie,0.0
954,crescercampinas,em 1a serie,0.0
955,crescercampinas,ef 9o ano,0.0
956,crescercampinas,ef 8o ano,0.0
957,cursosazambuja,outro,0.0
958,deltaeducacional,0,0.0
959,crescercampinas,ef 6o ano,0.0
960,eacorcovado,em 1a serie,0.0
961,eccos,ef 4o ano,0.0
962,eccos,ef 3o ano,0.0
963,eccos,0,0.0
964,eacorcovado,outro,0.0
965,eacorcovado,em 3a serie,0.0
966,eacorcovado,em 2a serie,0.0
967,eacorcovado,ef 8o ano,0.0
968,deltaeducacional,em 1a serie,0.0
969,domus,em 3a serie,0.0
970,domus,em 2a serie,0.0
971,domus,em 1a serie,0.0
972,dommga,em 3a serie,0.0
973,deltaeducacional,em 3a serie,0.0
974,deltaeducacional,em 2a serie,0.0
975,crescercampinas,ef 7o ano,0.0
976,crescercampinas,0,0.0
977,conexaosaber,ef 8o ano,0.0
978,contemporaneocidadeverde,ef 8o ano,0.0
979,contemporaneolagoanova,ef 6o ano,0.0
980,contemporaneolagoanova,0,0.0
981,contemporaneocidadeverde,em 3a serie,0.0
982,contemporaneocidadeverde,em 2a serie,0.0
983,contemporaneocidadeverde,em 1a serie,0.0
984,contemporaneocidadeverde,ef 9o ano,0.0
985,contemporaneocidadeverde,ef 7o ano,0.0
986,contemporaneolagoanova,ef 8o ano,0.0
987,contemporaneocidadeverde,ef 6o ano,0.0
988,contemporaneocidadeverde,ef 5o ano,0.0
989,contemporaneocidadeverde,ef 3o ano,0.0
990,contemporaneocidadeverde,0,0.0
991,contemporaneo,em 3a serie,0.0
992,conexaosaber,ef 9o ano,0.0
993,contemporaneolagoanova,ef 7o ano,0.0
994,contemporaneolagoanova,ef 9o ano,0.0
995,crb,outro,0.0
996,crb,ef 6o ano,0.0
997,crb,em 3a serie,0.0
998,crb,em 2a serie,0.0
999,crb,em 1a serie,0.0
1000,crb,ef 9o ano,0.0
1001,crb,ef 8o ano,0.0
1002,crb,ef 7o ano,0.0
1003,cparaiso,0,0.0
1004,contemporaneolagoanova,em 1a serie,0.0
1005,cotemig,em 1a serie,0.0
1006,coopermundi,ef 8o ano,0.0
1007,coopermundi,ef 7o ano,0.0
1008,coopermundi,ef 6o ano,0.0
1009,contemporaneolagoanova,em 3a serie,0.0
1010,contemporaneolagoanova,em 2a serie,0.0
1011,colegioplanck,em 2a serie,0.0
1012,colegioplanck,ef 9o ano,0.0
1013,colegioeag,ef 4o ano,0.0
1014,colegioensitec,ef 8o ano,0.0
1015,colegioflamingo,em 2a serie,0.0
1016,colegioflamingo,em 1a serie,0.0
1017,colegioensitec,em 3a serie,0.0
1018,colegioensitec,em 2a serie,0.0
1019,colegioensitec,em 1a serie,0.0
1020,colegioensitec,ef 9o ano,0.0
1021,colegioensitec,ef 7o ano,0.0
1022,colegiofuturageracao,ef 3o ano,0.0
1023,colegioensitec,ef 6o ano,0.0
1024,colegioensitec,ef 5o ano,0.0
1025,colegioensitec,ef 4o ano,0.0
1026,colegioensitec,ef 3o ano,0.0
1027,colegioensitec,ef 2o ano,0.0
1028,colegioensitec,0,0.0
1029,colegioflamingo,em 3a serie,0.0
1030,colegiofuturageracao,ef 4o ano,0.0
1031,colegioeducallis,em 2a serie,0.0
1032,colegioglobal,ef 3o ano,0.0
1033,colegioglobal,ef 9o ano,0.0
1034,colegioglobal,ef 8o ano,0.0
1035,colegioglobal,ef 7o ano,0.0
1036,colegioglobal,ef 6o ano,0.0
1037,colegioglobal,ef 5o ano,0.0
1038,colegioglobal,ef 4o ano,0.0
1039,colegioglobal,ef 2o ano,0.0
1040,colegiofuturageracao,ef 5o ano,0.0
1041,colegioglobal,0,0.0
1042,colegiofuturageracao,em 1a serie,0.0
1043,colegiofuturageracao,ef 9o ano,0.0
1044,colegiofuturageracao,ef 8o ano,0.0
1045,colegiofuturageracao,ef 7o ano,0.0
1046,colegiofuturageracao,ef 6o ano,0.0
1047,colegioeducallis,em 3a serie,0.0
1048,colegioeducallis,em 1a serie,0.0
1049,colegioglobal,em 2a serie,0.0
1050,colegioecursodesafio,ef 5o ano,0.0
1051,colegioecursodesafio,em 2a serie,0.0
1052,colegioecursodesafio,em 1a serie,0.0
1053,colegioecursodesafio,ef 9o ano,0.0
1054,colegioecursodesafio,ef 8o ano,0.0
1055,colegioecursodesafio,ef 7o ano,0.0
1056,colegioecursodesafio,ef 6o ano,0.0
1057,colegioecursodesafio,ef 4o ano,0.0
1058,colegioecursoprogressao,0,0.0
1059,colegioecursodesafio,ef 3o ano,0.0
1060,colegioecursodesafio,ef 2o ano,0.0
1061,colegioecursodesafio,ef 1o ano,0.0
1062,colegioeag,ef 7o ano,0.0
1063,colegioeag,ef 6o ano,0.0
1064,colegioeag,ef 5o ano,0.0
1065,colegioecursodesafio,em 3a serie,0.0
1066,colegioecursoprogressao,ef 1o ano,0.0
1067,colegioeducallis,ef 9o ano,0.0
1068,colegioeducallis,ef 2o ano,0.0
1069,colegioeducallis,ef 8o ano,0.0
1070,colegioeducallis,ef 7o ano,0.0
1071,colegioeducallis,ef 6o ano,0.0
1072,colegioeducallis,ef 5o ano,0.0
1073,colegioeducallis,ef 4o ano,0.0
1074,colegioeducallis,ef 3o ano,0.0
1075,colegioeducallis,0,0.0
1076,colegioecursoprogressao,ef 6o ano,0.0
1077,colegioecursoprogressao,em 3a serie,0.0
1078,colegioecursoprogressao,em 2a serie,0.0
1079,colegioecursoprogressao,em 1a serie,0.0
1080,colegioecursoprogressao,ef 9o ano,0.0
1081,colegioecursoprogressao,ef 8o ano,0.0
1082,colegioecursoprogressao,ef 7o ano,0.0
1083,colegioglobal,em 1a serie,0.0
1084,colegioglobal,em 3a serie,0.0
1085,colegioplanck,ef 8o ano,0.0
1086,colegiomagnum,em 1a serie,0.0
1087,colegiomundial,em 1a serie,0.0
1088,colegiomundial,ef 9o ano,0.0
1089,colegiomundial,ef 6o ano,0.0
1090,colegiomodelo,0,0.0
1091,colegiomagnum,em 3a serie,0.0
1092,colegiomagnum,em 2a serie,0.0
1093,colegioliceu,em 3a serie,0.0
1094,colegiomundial,em 3a serie,0.0
1095,colegioliceu,em 2a serie,0.0
1096,colegioliceu,em 1a serie,0.0
1097,colegiojoaopaulo,outro,0.0
1098,colegiojoaopaulo,em 3a serie,0.0
1099,colegiojoaopaulo,em 2a serie,0.0
1100,colegiojoaopaulo,em 1a serie,0.0
1101,colegiomundial,em 2a serie,0.0
1102,colegionobre,0,0.0
1103,colegiojoaopaulo,ef 8o ano,0.0
1104,colegionovageracao,em 2a serie,0.0
1105,colegioplanck,ef 7o ano,0.0
1106,colegioplanck,ef 6o ano,0.0
1107,colegioplanck,0,0.0
1108,colegionovopatio,em 1a serie,0.0
1109,colegionovopatio,0,0.0
1110,colegionovageracao,em 3a serie,0.0
1111,colegionovageracao,em 1a serie,0.0
1112,colegionobre,ef 6o ano,0.0
1113,colegionovageracao,ef 9o ano,0.0
1114,colegionovageracao,ef 8o ano,0.0
1115,colegionovageracao,ef 5o ano,0.0
1116,colegionovageracao,ef 4o ano,0.0
1117,colegionovageracao,ef 3o ano,0.0
1118,colegionovageracao,ef 2o ano,0.0
1119,colegiojoaopaulo,ef 9o ano,0.0
1120,colegiojoaopaulo,ef 7o ano,0.0
1121,colegioguilhermedealmeida,ef 6o ano,0.0
1122,colegioiguatemy,ef 4o ano,0.0
1123,colegioiguatemy,em 1a serie,0.0
1124,colegioiguatemy,ef 9o ano,0.0
1125,colegioiguatemy,ef 8o ano,0.0
1126,colegioiguatemy,ef 7o ano,0.0
1127,colegioiguatemy,ef 6o ano,0.0
1128,colegioiguatemy,ef 5o ano,0.0
1129,colegioiguatemy,ef 3o ano,0.0
1130,colegioiguatemy,em 3a serie,0.0
1131,colegioguilhermedealmeida,em 3a serie,0.0
1132,colegioguilhermedealmeida,em 2a serie,0.0
1133,colegioguilhermedealmeida,em 1a serie,0.0
1134,colegioguilhermedealmeida,ef 9o ano,0.0
1135,colegioguilhermedealmeida,ef 8o ano,0.0
1136,colegioguilhermedealmeida,ef 7o ano,0.0
1137,colegioiguatemy,em 2a serie,0.0
1138,colegiointegral,0,0.0
1139,colegiojoaopaulo,ef 6o ano,0.0
1140,colegiointegral,em 1a serie,0.0
1141,colegiojoaopaulo,ef 5o ano,0.0
1142,colegiojoaopaulo,ef 4o ano,0.0
1143,colegiojoaopaulo,0,0.0
1144,colegiointegral,outro,0.0
1145,colegiointegral,em 3a serie,0.0
1146,colegiointegral,em 2a serie,0.0
1147,colegiointegral,ef 9o ano,0.0
1148,colegiointegral,ef 2o ano,0.0
1149,colegiointegral,ef 8o ano,0.0
1150,colegiointegral,ef 7o ano,0.0
1151,colegiointegral,ef 6o ano,0.0
1152,colegiointegral,ef 5o ano,0.0
1153,colegiointegral,ef 4o ano,0.0
1154,colegiointegral,ef 3o ano,0.0
1155,wilsondeandradebarreto,em 1a serie,0.0
